thisCond,reward_green,reward_blue,green_pos,pg,pb,corrAns,corrAmount,cash_green,cash_blue,cash_corr,cash_size,cashsize_h,cashsize_v,auditory_stim_green_path,auditory_stim_blue_path,audio_corr,ITI,ITI_s,outerLoop.thisRepN,outerLoop.thisTrialN,outerLoop.thisN,outerLoop.thisIndex,trials.thisRepN,trials.thisTrialN,trials.thisN,trials.thisIndex,instructions.started,instructions.stopped,key_resp.keys,key_resp.rt,key_resp.started,key_resp.stopped,green_example.started,green_example.stopped,blue_example.started,blue_example.stopped,question.started,question.stopped,pointbar.started,pointbar.stopped,purplebar.started,purplebar.stopped,goldbar.started,goldbar.stopped,leftamount.started,leftamount.stopped,rightamount.started,rightamount.stopped,correct,question_mark.started,question_mark.stopped,blue.started,blue.stopped,green.started,green.stopped,response.x,response.y,response.leftButton,response.midButton,response.rightButton,response.time,response.clicked_name,response.started,response.stopped,blue_reward.started,blue_reward.stopped,green_reward.started,green_reward.stopped,purple_marker.started,purple_marker.stopped,gold_marker.started,gold_marker.stopped,points_marker.started,points_marker.stopped,fb_sound.started,fb_sound.stopped,fb_correct.started,fb_correct.stopped,feedbackIm.started,feedbackIm.stopped,red_frame.started,red_frame.stopped,fb_blue.started,fb_blue.stopped,fb_green.started,fb_green.stopped,fb_blue_reward.started,fb_blue_reward.stopped,fb_green_reward.started,fb_green_reward.stopped,purple.started,purple.stopped,gold.started,gold.stopped,points.started,points.stopped,text.started,text.stopped,participant,age,gender,years of education,date,expName,psychopyVersion,frameRate,
,,,,,,,,,,,,,,,,,,,,,,,,,,,11.99062050000066,None,space,0.7649551999929827,11.99062050000066,None,,,,,,,,,,,,,,,,,,,,,,,,,,,,,,,,,,,,,,,,,,,,,,,,,,,,,,,,,,,,,,,,,,,,,,,2021_Mar_19_1337,rl,2020.2.10,61.05669602501125,
uncued.csv,20,80,right,0.4,-0.4,images/blue_box.png,80,Reward1.png,Reward4.png,Rewardnull.png,0,0,0,auditory_stim/coin1.wav,auditory_stim/coin4.wav,auditory_stim/silence_short.wav,954,1.0,0,0,0,1,0,0,0,0,,,,,,,11.99062050000066,None,11.99062050000066,None,11.99062050000066,None,11.99062050000066,None,11.99062050000066,None,11.99062050000066,None,11.99062050000066,None,11.99062050000066,None,1,12.954238599995733,None,12.954238599995733,None,12.954238599995733,None,"[-0.4986111111111111, -0.4986111111111111, -0.4986111111111111, -0.4986111111111111, -0.4986111111111111, -0.4986111111111111, -0.4986111111111111, -0.4986111111111111, -0.4986111111111111, -0.4986111111111111, -0.4986111111111111, -0.4986111111111111, -0.4986111111111111, -0.4986111111111111, -0.4986111111111111, -0.4986111111111111, -0.4986111111111111, -0.4986111111111111, -0.4986111111111111, -0.4986111111111111, -0.4986111111111111, -0.4986111111111111, -0.4986111111111111, -0.4986111111111111, -0.4986111111111111, -0.4986111111111111, -0.4986111111111111, -0.4986111111111111, -0.4986111111111111, -0.4986111111111111, -0.4986111111111111, -0.4986111111111111, -0.4986111111111111, -0.4986111111111111, -0.4986111111111111, -0.4986111111111111, -0.4986111111111111, -0.4986111111111111, -0.4986111111111111, -0.4986111111111111, -0.4986111111111111, -0.4986111111111111, -0.4986111111111111, -0.4986111111111111, -0.4986111111111111, -0.4986111111111111, -0.4986111111111111, -0.4986111111111111, -0.4986111111111111, -0.4986111111111111, -0.4986111111111111, -0.4986111111111111, -0.4986111111111111, -0.4986111111111111, -0.4986111111111111, -0.4986111111111111, -0.4986111111111111, -0.4986111111111111, -0.4986111111111111, -0.4986111111111111, -0.4986111111111111, -0.4986111111111111, -0.4986111111111111, -0.4986111111111111, -0.4986111111111111, -0.4986111111111111, -0.4986111111111111, -0.4986111111111111, -0.4986111111111111, -0.4986111111111111, -0.4986111111111111, -0.4986111111111111, -0.4986111111111111, -0.4986111111111111, -0.4986111111111111, -0.49166666666666664, -0.4736111111111111, -0.4652777777777778, -0.45694444444444443, -0.44722222222222224, -0.43472222222222223, -0.42777777777777776, -0.4222222222222222, -0.4166666666666667, -0.4083333333333333, -0.4013888888888889, -0.39444444444444443, -0.3875, -0.3875, -0.3875, -0.3902777777777778, -0.39166666666666666, -0.39166666666666666, -0.39166666666666666, -0.39166666666666666, -0.39166666666666666, -0.39166666666666666, -0.39305555555555555, -0.39305555555555555, -0.39305555555555555, -0.39166666666666666, -0.3888888888888889, -0.3819444444444444, -0.37777777777777777, -0.37222222222222223, -0.37083333333333335, -0.3680555555555556, -0.3680555555555556, -0.3680555555555556, -0.3680555555555556, -0.3680555555555556, -0.3680555555555556, -0.3680555555555556, -0.3680555555555556, -0.3680555555555556, -0.3680555555555556, -0.3680555555555556]","[0.35555555555555557, 0.35555555555555557, 0.35555555555555557, 0.35555555555555557, 0.35555555555555557, 0.35555555555555557, 0.35555555555555557, 0.35555555555555557, 0.35555555555555557, 0.35555555555555557, 0.35555555555555557, 0.35555555555555557, 0.35555555555555557, 0.35555555555555557, 0.35555555555555557, 0.35555555555555557, 0.35555555555555557, 0.35555555555555557, 0.35555555555555557, 0.35555555555555557, 0.35555555555555557, 0.35555555555555557, 0.35555555555555557, 0.35555555555555557, 0.35555555555555557, 0.35555555555555557, 0.35555555555555557, 0.35555555555555557, 0.35555555555555557, 0.35555555555555557, 0.35555555555555557, 0.35555555555555557, 0.35555555555555557, 0.35555555555555557, 0.35555555555555557, 0.35555555555555557, 0.35555555555555557, 0.35555555555555557, 0.35555555555555557, 0.35555555555555557, 0.35555555555555557, 0.35555555555555557, 0.35555555555555557, 0.35555555555555557, 0.35555555555555557, 0.35555555555555557, 0.35555555555555557, 0.35555555555555557, 0.35555555555555557, 0.35555555555555557, 0.35555555555555557, 0.35555555555555557, 0.35555555555555557, 0.35555555555555557, 0.35555555555555557, 0.35555555555555557, 0.35555555555555557, 0.35555555555555557, 0.35555555555555557, 0.35555555555555557, 0.35555555555555557, 0.35555555555555557, 0.35555555555555557, 0.35555555555555557, 0.35555555555555557, 0.35555555555555557, 0.35555555555555557, 0.35555555555555557, 0.35555555555555557, 0.35555555555555557, 0.35555555555555557, 0.35555555555555557, 0.35555555555555557, 0.35555555555555557, 0.35555555555555557, 0.35833333333333334, 0.35833333333333334, 0.35694444444444445, 0.35, 0.34305555555555556, 0.3277777777777778, 0.3138888888888889, 0.2986111111111111, 0.2777777777777778, 0.24027777777777778, 0.19027777777777777, 0.12777777777777777, 0.06944444444444445, 0.019444444444444445, -0.019444444444444445, -0.059722222222222225, -0.07222222222222222, -0.07361111111111111, -0.07361111111111111, -0.07361111111111111, -0.07361111111111111, -0.07361111111111111, -0.07083333333333333, -0.06111111111111111, -0.05138888888888889, -0.04027777777777778, -0.027777777777777776, -0.0125, -0.009722222222222222, 0.0, 0.001388888888888889, 0.004166666666666667, 0.004166666666666667, 0.004166666666666667, 0.004166666666666667, 0.004166666666666667, 0.004166666666666667, 0.004166666666666667, 0.004166666666666667, 0.004166666666666667, 0.004166666666666667, 0.004166666666666667]","[0, 0, 0, 0, 0, 0, 0, 0, 0, 0, 0, 0, 0, 0, 0, 0, 0, 0, 0, 0, 0, 0, 0, 0, 0, 0, 0, 0, 0, 0, 0, 0, 0, 0, 0, 0, 0, 0, 0, 0, 0, 0, 0, 0, 0, 0, 0, 0, 0, 0, 0, 0, 0, 0, 0, 0, 0, 0, 0, 0, 0, 0, 0, 0, 0, 0, 0, 0, 0, 0, 0, 0, 0, 0, 0, 0, 0, 0, 0, 0, 0, 0, 0, 0, 0, 0, 0, 0, 0, 0, 0, 0, 0, 0, 0, 0, 0, 0, 0, 0, 0, 0, 0, 0, 0, 0, 0, 0, 0, 0, 0, 0, 0, 0, 0, 0, 1]","[0, 0, 0, 0, 0, 0, 0, 0, 0, 0, 0, 0, 0, 0, 0, 0, 0, 0, 0, 0, 0, 0, 0, 0, 0, 0, 0, 0, 0, 0, 0, 0, 0, 0, 0, 0, 0, 0, 0, 0, 0, 0, 0, 0, 0, 0, 0, 0, 0, 0, 0, 0, 0, 0, 0, 0, 0, 0, 0, 0, 0, 0, 0, 0, 0, 0, 0, 0, 0, 0, 0, 0, 0, 0, 0, 0, 0, 0, 0, 0, 0, 0, 0, 0, 0, 0, 0, 0, 0, 0, 0, 0, 0, 0, 0, 0, 0, 0, 0, 0, 0, 0, 0, 0, 0, 0, 0, 0, 0, 0, 0, 0, 0, 0, 0, 0, 0]","[0, 0, 0, 0, 0, 0, 0, 0, 0, 0, 0, 0, 0, 0, 0, 0, 0, 0, 0, 0, 0, 0, 0, 0, 0, 0, 0, 0, 0, 0, 0, 0, 0, 0, 0, 0, 0, 0, 0, 0, 0, 0, 0, 0, 0, 0, 0, 0, 0, 0, 0, 0, 0, 0, 0, 0, 0, 0, 0, 0, 0, 0, 0, 0, 0, 0, 0, 0, 0, 0, 0, 0, 0, 0, 0, 0, 0, 0, 0, 0, 0, 0, 0, 0, 0, 0, 0, 0, 0, 0, 0, 0, 0, 0, 0, 0, 0, 0, 0, 0, 0, 0, 0, 0, 0, 0, 0, 0, 0, 0, 0, 0, 0, 0, 0, 0, 0]","[7.890000415500253e-05, 0.016103899994050153, 0.027805599995190278, 0.043763099994976074, 0.05999429999792483, 0.07732539999415167, 0.09418580000055954, 0.1110497000045143, 0.12793319999764208, 0.14414730000135023, 0.16030220000538975, 0.17712189999292605, 0.19419819999893662, 0.21037669999350328, 0.22767799999564886, 0.24383999999554362, 0.2614997000055155, 0.2777174999937415, 0.2939009999972768, 0.310607199993683, 0.32768750000104774, 0.34373959999356885, 0.36042230000020936, 0.37711440000566654, 0.3941742000024533, 0.4108644999942044, 0.42768700000306126, 0.4445497999986401, 0.4610171999956947, 0.4776419999980135, 0.49493830000574235, 0.5105098000058206, 0.5276313999929698, 0.5438512999971863, 0.5604296999954386, 0.5775921000022208, 0.5937850000045728, 0.6104335999989416, 0.6276530000031926, 0.6443452999956207, 0.6609935000014957, 0.6773019999964163, 0.6937308000051416, 0.7103441999934148, 0.7272226999921259, 0.7438778999930946, 0.7605000000039581, 0.7775496999965981, 0.7946704999922076, 0.8116225999983726, 0.8281668999989051, 0.8439845999964746, 0.8604275999969104, 0.8775324000016553, 0.8936563000024762, 0.9109038000024157, 0.9275954000040656, 0.9441938999952981, 0.961119300001883, 0.9774500000057742, 0.9942524999933084, 1.0112632999953348, 1.027670700001181, 1.0436715999967419, 1.0604120999923907, 1.0775553999992553, 1.0941479000030085, 1.1108518999972148, 1.1276083999982802, 1.1440806000027806, 1.1605169999966165, 1.177525199993397, 1.1935685000062222, 1.210311000002548, 1.2275430000008782, 1.2450883999990765, 1.2624141999986023, 1.2784317000041483, 1.2951102999941213, 1.311352699995041, 1.3292969000031007, 1.3451846999960253, 1.361727499999688, 1.3777973999967799, 1.3954908000014257, 1.411292399992817, 1.42825329999323, 1.4465893000015058, 1.4632334000052651, 1.4783215000061318, 1.4970855999999912, 1.5129482000047574, 1.5285737999947742, 1.544404400003259, 1.560411500002374, 1.577657799993176, 1.593869899996207, 1.6115182999928948, 1.6286705999955302, 1.6463341000053333, 1.6617150999954902, 1.67862310000055, 1.697943999999552, 1.7110178000002634, 1.729232099998626, 1.7452011999994284, 1.7609978999971645, 1.7779374999954598, 1.7939967999991495, 1.810432900005253, 1.8282521999935852, 1.8448952000035206, 1.8611895999929402, 1.877523300005123, 1.8942278000031365, 1.9103737999976147, 1.9301204999937909]",['blue'],0.012675429999944754,None,12.954238599995733,None,12.954238599995733,None,12.954238599995733,None,12.954238599995733,None,12.954238599995733,None,1.0083913799899165,None,15.951784299992141,None,15.951784299992141,None,14.973653499997454,None,14.973653499997454,None,14.973653499997454,None,14.973653499997454,None,14.973653499997454,None,14.973653499997454,None,14.973653499997454,None,14.973653499997454,None,19.925009300000966,None,,,,,2021_Mar_19_1337,rl,2020.2.10,61.05669602501125,
uncued.csv,43,57,left,-0.4,0.4,images/green_box.png,43,Reward3.png,Reward3.png,Rewardnull.png,0,0,0,auditory_stim/coin3.wav,auditory_stim/coin3.wav,auditory_stim/silence_short.wav,813,0.8,0,0,0,1,0,1,1,1,,,,,,,,,,,,,,,,,,,,,,,0,20.970214999993914,None,20.970214999993914,None,20.970214999993914,None,"[0.4597222222222222, 0.4597222222222222, 0.4597222222222222, 0.4597222222222222, 0.4597222222222222, 0.4597222222222222, 0.4597222222222222, 0.4597222222222222, 0.4597222222222222, 0.4597222222222222, 0.4597222222222222, 0.4597222222222222, 0.4597222222222222, 0.4597222222222222, 0.4597222222222222, 0.4597222222222222, 0.4597222222222222, 0.4597222222222222, 0.4597222222222222, 0.4597222222222222, 0.4597222222222222, 0.4597222222222222]","[-0.04583333333333333, -0.04583333333333333, -0.04583333333333333, -0.04583333333333333, -0.04583333333333333, -0.04583333333333333, -0.04583333333333333, -0.04583333333333333, -0.04583333333333333, -0.04583333333333333, -0.04583333333333333, -0.04583333333333333, -0.04583333333333333, -0.04583333333333333, -0.04583333333333333, -0.04583333333333333, -0.04583333333333333, -0.04583333333333333, -0.04583333333333333, -0.04583333333333333, -0.04583333333333333, -0.04583333333333333]","[0, 0, 0, 0, 0, 0, 0, 0, 0, 0, 0, 0, 0, 0, 0, 0, 0, 0, 0, 0, 0, 1]","[0, 0, 0, 0, 0, 0, 0, 0, 0, 0, 0, 0, 0, 0, 0, 0, 0, 0, 0, 0, 0, 0]","[0, 0, 0, 0, 0, 0, 0, 0, 0, 0, 0, 0, 0, 0, 0, 0, 0, 0, 0, 0, 0, 0]","[0.00039319999632425606, 0.01546789999702014, 0.0272971999947913, 0.04442900000140071, 0.061197699993499555, 0.07770779999555089, 0.09440139999787789, 0.11125390000233892, 0.12716930000169668, 0.14428950000728946, 0.16091659999801777, 0.1776499999978114, 0.19427760000689887, 0.21136549999937415, 0.22801289999915753, 0.24453240000002552, 0.26131859999441076, 0.2778078999981517, 0.29446509999979753, 0.311089599999832, 0.32758060000196565, 0.34791529999347404]",['blue'],0.011924089994863607,None,20.970214999993914,None,20.970214999993914,None,20.970214999993914,None,20.970214999993914,None,20.970214999993914,None,1.0025475500151515,None,22.366238400005386,None,22.366238400005386,None,21.386907499996596,None,21.386907499996596,None,21.386907499996596,None,21.386907499996596,None,21.386907499996596,None,21.386907499996596,None,21.386907499996596,None,21.386907499996596,None,26.332760899997083,None,,,,,2021_Mar_19_1337,rl,2020.2.10,61.05669602501125,
uncued.csv,99,1,left,-0.4,0.4,images/blue_box.png,1,Reward5.png,Reward1.png,Rewardnull.png,0,0,0,auditory_stim/coin5.wav,auditory_stim/coin1.wav,auditory_stim/silence_short.wav,1202,1.2,0,0,0,1,0,2,2,2,,,,,,,,,,,,,,,,,,,,,,,0,27.163427099992987,None,27.163427099992987,None,27.163427099992987,None,"[-0.25555555555555554, -0.3680555555555556, -0.4583333333333333, -0.5361111111111111, -0.55, -0.5625, -0.5638888888888889, -0.5638888888888889, -0.5638888888888889, -0.5638888888888889, -0.5638888888888889, -0.5638888888888889, -0.5583333333333333, -0.55, -0.5388888888888889, -0.5236111111111111, -0.5, -0.45555555555555555, -0.42916666666666664, -0.4166666666666667, -0.39166666666666666, -0.38333333333333336, -0.37916666666666665, -0.37916666666666665, -0.37916666666666665, -0.37916666666666665, -0.37916666666666665, -0.37916666666666665, -0.37916666666666665, -0.37916666666666665, -0.37916666666666665, -0.37777777777777777]","[0.03194444444444444, 0.044444444444444446, 0.05416666666666667, 0.058333333333333334, 0.06111111111111111, 0.06111111111111111, 0.06111111111111111, 0.06111111111111111, 0.06111111111111111, 0.06111111111111111, 0.06111111111111111, 0.06111111111111111, 0.06111111111111111, 0.058333333333333334, 0.05555555555555555, 0.05, 0.041666666666666664, 0.029166666666666667, 0.020833333333333332, 0.018055555555555554, 0.009722222222222222, 0.006944444444444444, 0.004166666666666667, 0.004166666666666667, 0.004166666666666667, 0.004166666666666667, 0.004166666666666667, 0.004166666666666667, 0.004166666666666667, 0.004166666666666667, 0.004166666666666667, 0.004166666666666667]","[0, 0, 0, 0, 0, 0, 0, 0, 0, 0, 0, 0, 0, 0, 0, 0, 0, 0, 0, 0, 0, 0, 0, 0, 0, 0, 0, 0, 0, 0, 0, 1]","[0, 0, 0, 0, 0, 0, 0, 0, 0, 0, 0, 0, 0, 0, 0, 0, 0, 0, 0, 0, 0, 0, 0, 0, 0, 0, 0, 0, 0, 0, 0, 0]","[0, 0, 0, 0, 0, 0, 0, 0, 0, 0, 0, 0, 0, 0, 0, 0, 0, 0, 0, 0, 0, 0, 0, 0, 0, 0, 0, 0, 0, 0, 0, 0]","[0.00031370000215247273, 0.015781099995365366, 0.035047500001383014, 0.05620570000610314, 0.06813230000261683, 0.08513350000430364, 0.10085260000778362, 0.1183115000021644, 0.13398569999844767, 0.15064770000753924, 0.16688930000236724, 0.1840898000082234, 0.2013059000018984, 0.2182530999998562, 0.23650400000042282, 0.2517121999990195, 0.26812429999699816, 0.28654719999758527, 0.30510189999768045, 0.31724730000132695, 0.3358388000051491, 0.35158790000423323, 0.3713366000010865, 0.38418839999940246, 0.40103480000107083, 0.41734709999582265, 0.43390410000574775, 0.45029980000981595, 0.4669969999958994, 0.48359139999956824, 0.5001312000094913, 0.519466800004011]",['green'],0.0019276599923614413,None,27.163427099992987,None,27.163427099992987,None,27.163427099992987,None,27.163427099992987,None,27.163427099992987,None,1.006549419995281,None,28.732915200002026,None,28.732915200002026,None,27.7380395999935,None,27.7380395999935,None,27.7380395999935,None,27.7380395999935,None,27.7380395999935,None,27.7380395999935,None,27.7380395999935,None,27.7380395999935,None,32.69955979999213,None,,,,,2021_Mar_19_1337,rl,2020.2.10,61.05669602501125,
uncued.csv,24,76,left,-0.4,0.4,images/blue_box.png,76,Reward2.png,Reward4.png,Rewardnull.png,0,0,0,auditory_stim/coin2.wav,auditory_stim/coin4.wav,auditory_stim/silence_short.wav,1082,1.1,0,0,0,1,0,3,3,3,,,,,,,,,,,,,,,,,,,,,,,0,33.92338049999671,None,33.92338049999671,None,33.92338049999671,None,"[-0.37777777777777777, -0.37777777777777777, -0.37777777777777777, -0.37777777777777777, -0.37777777777777777, -0.37777777777777777, -0.37777777777777777, -0.37777777777777777, -0.37777777777777777, -0.37777777777777777, -0.37777777777777777, -0.37777777777777777, -0.37777777777777777, -0.37777777777777777, -0.37777777777777777, -0.37777777777777777, -0.37777777777777777, -0.37777777777777777, -0.37777777777777777, -0.37777777777777777, -0.37777777777777777, -0.37777777777777777, -0.37777777777777777]","[0.004166666666666667, 0.004166666666666667, 0.004166666666666667, 0.004166666666666667, 0.004166666666666667, 0.004166666666666667, 0.004166666666666667, 0.004166666666666667, 0.004166666666666667, 0.004166666666666667, 0.004166666666666667, 0.004166666666666667, 0.004166666666666667, 0.004166666666666667, 0.004166666666666667, 0.004166666666666667, 0.004166666666666667, 0.004166666666666667, 0.004166666666666667, 0.004166666666666667, 0.004166666666666667, 0.004166666666666667, 0.004166666666666667]","[0, 0, 0, 0, 0, 0, 0, 0, 0, 0, 0, 0, 0, 0, 0, 0, 0, 0, 0, 0, 0, 0, 1]","[0, 0, 0, 0, 0, 0, 0, 0, 0, 0, 0, 0, 0, 0, 0, 0, 0, 0, 0, 0, 0, 0, 0]","[0, 0, 0, 0, 0, 0, 0, 0, 0, 0, 0, 0, 0, 0, 0, 0, 0, 0, 0, 0, 0, 0, 0]","[0.0002849000011337921, 0.015496499996515922, 0.04041420000430662, 0.058288600004743785, 0.0753538999997545, 0.09133110000402667, 0.10774570000648964, 0.12487100000726059, 0.14143000000331085, 0.1581311000045389, 0.17616990000533406, 0.1914122000016505, 0.208234599995194, 0.2250326000066707, 0.2413215999986278, 0.2580030999961309, 0.27481230000557844, 0.2913817999942694, 0.3082165000087116, 0.32467370000085793, 0.34130200000072364, 0.3580237999995006, 0.37671039999986533]",['green'],0.008191159999114461,None,33.92338049999671,None,33.92338049999671,None,33.92338049999671,None,33.92338049999671,None,33.92338049999671,None,1.015210509984172,None,35.38350609999907,None,35.38350609999907,None,34.40165070000512,None,34.40165070000512,None,34.40165070000512,None,34.40165070000512,None,34.40165070000512,None,34.40165070000512,None,34.40165070000512,None,34.40165070000512,None,39.31616600000416,None,,,,,2021_Mar_19_1337,rl,2020.2.10,61.05669602501125,
uncued.csv,86,14,left,-0.4,0.4,images/green_box.png,86,Reward5.png,Reward1.png,Rewardnull.png,0,0,0,auditory_stim/coin5.wav,auditory_stim/coin1.wav,auditory_stim/silence_short.wav,1006,1.0,0,0,0,1,0,4,4,4,,,,,,,,,,,,,,,,,,,,,,,0,40.43414889999258,None,40.43414889999258,None,40.43414889999258,None,"[0.39305555555555555, 0.39305555555555555, 0.39305555555555555, 0.3875, 0.38055555555555554, 0.36666666666666664, 0.3541666666666667, 0.3416666666666667, 0.33055555555555555, 0.32222222222222224, 0.31666666666666665, 0.3138888888888889, 0.3125, 0.3125, 0.3125, 0.3125, 0.3125, 0.3125, 0.3125, 0.3125, 0.3125, 0.3125, 0.3125, 0.3125]","[-0.041666666666666664, -0.041666666666666664, -0.041666666666666664, -0.041666666666666664, -0.03888888888888889, -0.03611111111111111, -0.03194444444444444, -0.030555555555555555, -0.029166666666666667, -0.027777777777777776, -0.027777777777777776, -0.027777777777777776, -0.027777777777777776, -0.027777777777777776, -0.027777777777777776, -0.027777777777777776, -0.027777777777777776, -0.027777777777777776, -0.027777777777777776, -0.027777777777777776, -0.027777777777777776, -0.027777777777777776, -0.027777777777777776, -0.027777777777777776]","[0, 0, 0, 0, 0, 0, 0, 0, 0, 0, 0, 0, 0, 0, 0, 0, 0, 0, 0, 0, 0, 0, 0, 1]","[0, 0, 0, 0, 0, 0, 0, 0, 0, 0, 0, 0, 0, 0, 0, 0, 0, 0, 0, 0, 0, 0, 0, 0]","[0, 0, 0, 0, 0, 0, 0, 0, 0, 0, 0, 0, 0, 0, 0, 0, 0, 0, 0, 0, 0, 0, 0, 0]","[0.00029710000671911985, 0.01446859999850858, 0.029186600004322827, 0.04787969999597408, 0.0633191000088118, 0.07979190000332892, 0.09725289999914821, 0.11363740000524558, 0.13033729999733623, 0.1464317000063602, 0.16413330000068527, 0.17958730000827927, 0.19653319999633823, 0.21233439999923576, 0.22860770000261255, 0.2456718000030378, 0.2622036999964621, 0.27848639999865554, 0.2955119999969611, 0.3121201000030851, 0.3291083000076469, 0.3459986000088975, 0.36233060000813566, 0.38081099999544676]",['blue'],0.012304760020924732,None,40.43414889999258,None,40.43414889999258,None,40.43414889999258,None,40.43414889999258,None,40.43414889999258,None,1.0059679799887817,None,41.8995758999954,None,41.8995758999954,None,40.90447919999133,None,40.90447919999133,None,40.90447919999133,None,40.90447919999133,None,40.90447919999133,None,40.90447919999133,None,40.90447919999133,None,40.90447919999133,None,45.83291300000565,None,,,,,2021_Mar_19_1337,rl,2020.2.10,61.05669602501125,
uncued.csv,75,25,right,0.4,-0.4,images/blue_box.png,25,Reward4.png,Reward2.png,Rewardnull.png,0,0,0,auditory_stim/coin4.wav,auditory_stim/coin2.wav,auditory_stim/silence_short.wav,830,0.8,0,0,0,1,0,5,5,5,,,,,,,,,,,,,,,,,,,,,,,1,46.85047599999234,None,46.85047599999234,None,46.85047599999234,None,"[-0.23472222222222222, -0.23472222222222222, -0.23472222222222222, -0.23472222222222222, -0.23472222222222222, -0.23472222222222222, -0.23472222222222222, -0.23472222222222222, -0.23472222222222222, -0.23472222222222222, -0.23472222222222222, -0.23472222222222222, -0.23472222222222222, -0.23472222222222222, -0.23472222222222222, -0.23472222222222222, -0.23472222222222222, -0.23472222222222222, -0.23472222222222222, -0.23472222222222222, -0.23472222222222222, -0.23472222222222222, -0.23472222222222222, -0.23472222222222222, -0.23472222222222222, -0.23472222222222222, -0.24444444444444444, -0.2611111111111111, -0.28055555555555556, -0.3, -0.31805555555555554, -0.3236111111111111, -0.3236111111111111, -0.3236111111111111, -0.3236111111111111, -0.3236111111111111, -0.3236111111111111, -0.3236111111111111, -0.3236111111111111, -0.3236111111111111, -0.325]","[-0.009722222222222222, -0.009722222222222222, -0.009722222222222222, -0.009722222222222222, -0.009722222222222222, -0.009722222222222222, -0.009722222222222222, -0.009722222222222222, -0.009722222222222222, -0.009722222222222222, -0.009722222222222222, -0.009722222222222222, -0.009722222222222222, -0.009722222222222222, -0.009722222222222222, -0.009722222222222222, -0.009722222222222222, -0.009722222222222222, -0.009722222222222222, -0.009722222222222222, -0.009722222222222222, -0.009722222222222222, -0.009722222222222222, -0.009722222222222222, -0.009722222222222222, -0.009722222222222222, -0.011111111111111112, -0.011111111111111112, -0.011111111111111112, -0.011111111111111112, -0.011111111111111112, -0.009722222222222222, -0.009722222222222222, -0.009722222222222222, -0.009722222222222222, -0.009722222222222222, -0.009722222222222222, -0.009722222222222222, -0.009722222222222222, -0.009722222222222222, -0.009722222222222222]","[0, 0, 0, 0, 0, 0, 0, 0, 0, 0, 0, 0, 0, 0, 0, 0, 0, 0, 0, 0, 0, 0, 0, 0, 0, 0, 0, 0, 0, 0, 0, 0, 0, 0, 0, 0, 0, 0, 0, 0, 1]","[0, 0, 0, 0, 0, 0, 0, 0, 0, 0, 0, 0, 0, 0, 0, 0, 0, 0, 0, 0, 0, 0, 0, 0, 0, 0, 0, 0, 0, 0, 0, 0, 0, 0, 0, 0, 0, 0, 0, 0, 0]","[0, 0, 0, 0, 0, 0, 0, 0, 0, 0, 0, 0, 0, 0, 0, 0, 0, 0, 0, 0, 0, 0, 0, 0, 0, 0, 0, 0, 0, 0, 0, 0, 0, 0, 0, 0, 0, 0, 0, 0, 0]","[0.0003223999956389889, 0.014685699992696755, 0.03018329999758862, 0.046863700001267716, 0.0633928999886848, 0.07960260000254493, 0.09675029999925755, 0.1133988999936264, 0.13003659999230877, 0.146689699991839, 0.16327360000286717, 0.17981279999366961, 0.1967232999886619, 0.21339530000113882, 0.23061259998939931, 0.24695649999193847, 0.2636233999946853, 0.2801871999981813, 0.29684999999881256, 0.3134352999913972, 0.3300542999932077, 0.3466825999930734, 0.3635055999911856, 0.380382199989981, 0.3968880999891553, 0.4132855999923777, 0.43463689999771304, 0.4487215999979526, 0.4654603999952087, 0.48101249999308493, 0.4980360999907134, 0.5142713999957778, 0.5302243999904022, 0.546787300001597, 0.5633224999910453, 0.5797512999997707, 0.596807699999772, 0.6134065999940503, 0.6297526999987895, 0.6465585999976611, 0.6705142999999225]",['blue'],0.013356459996430203,None,46.85047599999234,None,46.85047599999234,None,46.85047599999234,None,46.85047599999234,None,46.85047599999234,None,1.0032825499947648,None,48.56600019999314,None,48.56600019999314,None,47.58054379999521,None,47.58054379999521,None,47.58054379999521,None,47.58054379999521,None,47.58054379999521,None,47.58054379999521,None,47.58054379999521,None,47.58054379999521,None,52.549391900000046,None,,,,,2021_Mar_19_1337,rl,2020.2.10,61.05669602501125,
uncued.csv,91,9,left,-0.4,0.4,images/green_box.png,91,Reward5.png,Reward1.png,Rewardnull.png,0,0,0,auditory_stim/coin5.wav,auditory_stim/coin1.wav,auditory_stim/silence_short.wav,1228,1.2,0,0,0,1,0,6,6,6,,,,,,,,,,,,,,,,,,,,,,,0,53.36591199999384,None,53.36591199999384,None,53.36591199999384,None,"[0.3277777777777778, 0.3277777777777778, 0.3277777777777778, 0.3277777777777778, 0.3277777777777778, 0.3277777777777778, 0.3277777777777778, 0.3277777777777778, 0.3277777777777778, 0.3277777777777778, 0.3277777777777778, 0.3277777777777778, 0.3277777777777778, 0.3277777777777778, 0.3277777777777778, 0.3277777777777778, 0.3277777777777778, 0.3277777777777778, 0.3277777777777778, 0.3277777777777778, 0.3277777777777778, 0.3277777777777778, 0.3277777777777778, 0.3277777777777778]","[-0.04722222222222222, -0.04722222222222222, -0.04722222222222222, -0.04722222222222222, -0.04722222222222222, -0.04722222222222222, -0.04722222222222222, -0.04722222222222222, -0.04722222222222222, -0.04722222222222222, -0.04722222222222222, -0.04722222222222222, -0.04722222222222222, -0.04722222222222222, -0.04722222222222222, -0.04722222222222222, -0.04722222222222222, -0.04722222222222222, -0.04722222222222222, -0.04722222222222222, -0.04722222222222222, -0.04722222222222222, -0.04722222222222222, -0.04722222222222222]","[0, 0, 0, 0, 0, 0, 0, 0, 0, 0, 0, 0, 0, 0, 0, 0, 0, 0, 0, 0, 0, 0, 0, 1]","[0, 0, 0, 0, 0, 0, 0, 0, 0, 0, 0, 0, 0, 0, 0, 0, 0, 0, 0, 0, 0, 0, 0, 0]","[0, 0, 0, 0, 0, 0, 0, 0, 0, 0, 0, 0, 0, 0, 0, 0, 0, 0, 0, 0, 0, 0, 0, 0]","[0.0002817999920807779, 0.013611299989861436, 0.030569599999580532, 0.047120000002905726, 0.06371770000259858, 0.08112859999528155, 0.09790599999541882, 0.11404339999717195, 0.13076949999958742, 0.14706540000042878, 0.1639387000032002, 0.18045909999636933, 0.19734279999102, 0.21372459999111015, 0.2303148999926634, 0.24705239999457262, 0.26364239999384154, 0.28042559999448713, 0.29693549999501556, 0.3139986000023782, 0.3305166999925859, 0.34748479998961557, 0.36389880000206176, 0.3858656999946106]",['blue'],0.013503259993740357,None,53.36591199999384,None,53.36591199999384,None,53.36591199999384,None,53.36591199999384,None,53.36591199999384,None,1.0081221500004176,None,54.7992602000013,None,54.7992602000013,None,53.81136130000232,None,53.81136130000232,None,53.81136130000232,None,53.81136130000232,None,53.81136130000232,None,53.81136130000232,None,53.81136130000232,None,53.81136130000232,None,58.782737999994424,None,,,,,2021_Mar_19_1337,rl,2020.2.10,61.05669602501125,
uncued.csv,96,4,left,-0.4,0.4,images/blue_box.png,4,Reward5.png,Reward1.png,Rewardnull.png,0,0,0,auditory_stim/coin5.wav,auditory_stim/coin1.wav,auditory_stim/silence_short.wav,834,0.8,0,0,0,1,0,7,7,7,,,,,,,,,,,,,,,,,,,,,,,0,60.00089789999765,None,60.00089789999765,None,60.00089789999765,None,"[-0.25277777777777777, -0.25277777777777777, -0.25277777777777777, -0.25277777777777777, -0.25277777777777777, -0.25277777777777777, -0.25277777777777777, -0.25277777777777777, -0.25277777777777777, -0.25277777777777777, -0.25277777777777777, -0.25277777777777777, -0.25277777777777777, -0.25277777777777777, -0.25277777777777777, -0.25277777777777777, -0.25277777777777777, -0.25277777777777777, -0.25277777777777777, -0.25277777777777777, -0.25277777777777777, -0.25277777777777777, -0.25277777777777777, -0.25277777777777777, -0.25277777777777777, -0.25416666666666665]","[0.0, 0.0, 0.0, 0.0, 0.0, 0.0, 0.0, 0.0, 0.0, 0.0, 0.0, 0.0, 0.0, 0.0, 0.0, 0.0, 0.0, 0.0, 0.0, 0.0, 0.0, 0.0, 0.0, 0.0, 0.0, 0.0]","[0, 0, 0, 0, 0, 0, 0, 0, 0, 0, 0, 0, 0, 0, 0, 0, 0, 0, 0, 0, 0, 0, 0, 0, 0, 1]","[0, 0, 0, 0, 0, 0, 0, 0, 0, 0, 0, 0, 0, 0, 0, 0, 0, 0, 0, 0, 0, 0, 0, 0, 0, 0]","[0, 0, 0, 0, 0, 0, 0, 0, 0, 0, 0, 0, 0, 0, 0, 0, 0, 0, 0, 0, 0, 0, 0, 0, 0, 0]","[0.00046999999904073775, 0.013883999999961816, 0.02894029999151826, 0.045786099988617934, 0.06262919999426231, 0.07933779999439139, 0.09557449999556411, 0.1122995999903651, 0.12898489998769946, 0.14563189999898896, 0.1627429999934975, 0.1788759999908507, 0.19594609999330714, 0.2127963999955682, 0.22927309999067802, 0.24600049998844042, 0.262366099996143, 0.2788787999888882, 0.29560420000052545, 0.31216099999437574, 0.3288655999931507, 0.34556829999201, 0.3621691999869654, 0.3789721999928588, 0.39607239999168087, 0.41750219999812543]",['green'],0.012622859998373315,None,60.00089789999765,None,60.00089789999765,None,60.00089789999765,None,60.00089789999765,None,60.00089789999765,None,0.9993214200076181,None,61.44945830000506,None,61.44945830000506,None,60.46694220000063,None,60.46694220000063,None,60.46694220000063,None,60.46694220000063,None,60.46694220000063,None,60.46694220000063,None,60.46694220000063,None,60.46694220000063,None,65.44913090000045,None,,,,,2021_Mar_19_1337,rl,2020.2.10,61.05669602501125,
uncued.csv,36,64,right,0.4,-0.4,images/blue_box.png,64,Reward2.png,Reward4.png,Rewardnull.png,0,0,0,auditory_stim/coin2.wav,auditory_stim/coin4.wav,auditory_stim/silence_short.wav,1134,1.1,0,0,0,1,0,8,8,8,,,,,,,,,,,,,,,,,,,,,,,0,66.26783169999544,None,66.26783169999544,None,66.26783169999544,None,"[0.36666666666666664, 0.36666666666666664, 0.36666666666666664, 0.36666666666666664, 0.36666666666666664, 0.36666666666666664, 0.36666666666666664, 0.36666666666666664, 0.36666666666666664, 0.36666666666666664, 0.36666666666666664, 0.36666666666666664, 0.36666666666666664, 0.36666666666666664, 0.36666666666666664, 0.36666666666666664, 0.36666666666666664, 0.36666666666666664, 0.36666666666666664, 0.36666666666666664, 0.36666666666666664, 0.36666666666666664, 0.36666666666666664, 0.36666666666666664, 0.36666666666666664, 0.36666666666666664]","[-0.03333333333333333, -0.03333333333333333, -0.03333333333333333, -0.03333333333333333, -0.03333333333333333, -0.03333333333333333, -0.03333333333333333, -0.03333333333333333, -0.03333333333333333, -0.03333333333333333, -0.03333333333333333, -0.03333333333333333, -0.03333333333333333, -0.03333333333333333, -0.03333333333333333, -0.03333333333333333, -0.03333333333333333, -0.03333333333333333, -0.03333333333333333, -0.03333333333333333, -0.03333333333333333, -0.03333333333333333, -0.03333333333333333, -0.03333333333333333, -0.03333333333333333, -0.03333333333333333]","[0, 0, 0, 0, 0, 0, 0, 0, 0, 0, 0, 0, 0, 0, 0, 0, 0, 0, 0, 0, 0, 0, 0, 0, 0, 1]","[0, 0, 0, 0, 0, 0, 0, 0, 0, 0, 0, 0, 0, 0, 0, 0, 0, 0, 0, 0, 0, 0, 0, 0, 0, 0]","[0, 0, 0, 0, 0, 0, 0, 0, 0, 0, 0, 0, 0, 0, 0, 0, 0, 0, 0, 0, 0, 0, 0, 0, 0, 0]","[0.00027709999994840473, 0.0156620999914594, 0.030257199992774986, 0.0474367999995593, 0.06375079999270383, 0.08032709998951759, 0.09735339999315329, 0.11430849999305792, 0.1305277999927057, 0.14719639999384526, 0.16392659999837633, 0.18044559999543708, 0.19749299999966752, 0.21390999999130145, 0.23043939999479335, 0.2470032999990508, 0.26398359998711385, 0.28025319999142084, 0.29741379999904893, 0.31377969999448396, 0.33020359999500215, 0.3471185999951558, 0.3637488999956986, 0.3805753999913577, 0.39701899999636225, 0.416020299991942]",['green'],0.014107059992966242,None,66.26783169999544,None,66.26783169999544,None,66.26783169999544,None,66.26783169999544,None,66.26783169999544,None,1.0052421799919102,None,67.74935949999781,None,67.74935949999781,None,66.76373510000121,None,66.76373510000121,None,66.76373510000121,None,66.76373510000121,None,66.76373510000121,None,66.76373510000121,None,66.76373510000121,None,66.76373510000121,None,71.70128090000071,None,,,,,2021_Mar_19_1337,rl,2020.2.10,61.05669602501125,
uncued.csv,11,89,left,-0.4,0.4,images/blue_box.png,89,Reward1.png,Reward5.png,Rewardnull.png,0,0,0,auditory_stim/coin1.wav,auditory_stim/coin5.wav,auditory_stim/silence_short.wav,795,0.8,0,0,0,1,0,9,9,9,,,,,,,,,,,,,,,,,,,,,,,0,72.83699779999733,None,72.83699779999733,None,72.83699779999733,None,"[-0.4888888888888889, -0.5069444444444444, -0.5138888888888888, -0.5138888888888888, -0.5138888888888888, -0.5138888888888888, -0.5138888888888888, -0.5138888888888888, -0.5138888888888888, -0.5138888888888888, -0.5138888888888888, -0.5138888888888888, -0.5138888888888888, -0.5138888888888888, -0.5138888888888888, -0.5069444444444444, -0.5, -0.49166666666666664, -0.48055555555555557, -0.4708333333333333, -0.4638888888888889, -0.45694444444444443, -0.4513888888888889, -0.44722222222222224, -0.44583333333333336, -0.44305555555555554, -0.44166666666666665, -0.44166666666666665, -0.44166666666666665, -0.44166666666666665, -0.44166666666666665, -0.44027777777777777]","[0.022222222222222223, 0.025, 0.025, 0.025, 0.025, 0.025, 0.025, 0.025, 0.025, 0.025, 0.025, 0.025, 0.025, 0.025, 0.025, 0.027777777777777776, 0.029166666666666667, 0.03333333333333333, 0.034722222222222224, 0.03611111111111111, 0.03611111111111111, 0.03611111111111111, 0.0375, 0.0375, 0.0375, 0.0375, 0.03888888888888889, 0.03888888888888889, 0.03888888888888889, 0.03888888888888889, 0.03888888888888889, 0.03888888888888889]","[0, 0, 0, 0, 0, 0, 0, 0, 0, 0, 0, 0, 0, 0, 0, 0, 0, 0, 0, 0, 0, 0, 0, 0, 0, 0, 0, 0, 0, 0, 0, 1]","[0, 0, 0, 0, 0, 0, 0, 0, 0, 0, 0, 0, 0, 0, 0, 0, 0, 0, 0, 0, 0, 0, 0, 0, 0, 0, 0, 0, 0, 0, 0, 0]","[0, 0, 0, 0, 0, 0, 0, 0, 0, 0, 0, 0, 0, 0, 0, 0, 0, 0, 0, 0, 0, 0, 0, 0, 0, 0, 0, 0, 0, 0, 0, 0]","[0.0002897000085795298, 0.016507499996805564, 0.04427209999994375, 0.06104339999728836, 0.07778049999615178, 0.09440830000676215, 0.11060179999913089, 0.1283168000081787, 0.1442079999978887, 0.1609720999986166, 0.17759639999712817, 0.19425149999733549, 0.21101320000889245, 0.22770620000665076, 0.24431880000338424, 0.2639231000066502, 0.2788228999997955, 0.2955050000018673, 0.31535590000567026, 0.3297097000031499, 0.3455939999985276, 0.362125500003458, 0.3801043999992544, 0.39509689999977127, 0.410896600005799, 0.42806810000911355, 0.4450059000082547, 0.4610616999998456, 0.477517599996645, 0.49436040000000503, 0.5108407000079751, 0.5330296000029193]",['green'],0.011701759998686612,None,72.83699779999733,None,72.83699779999733,None,72.83699779999733,None,72.83699779999733,None,72.83699779999733,None,1.0037527200038312,None,74.41607160000422,None,74.41607160000422,None,73.42329700000118,None,73.42329700000118,None,73.42329700000118,None,73.42329700000118,None,73.42329700000118,None,73.42329700000118,None,73.42329700000118,None,73.42329700000118,None,78.39936510000553,None,,,,,2021_Mar_19_1337,rl,2020.2.10,61.05669602501125,
uncued.csv,100,0,left,-0.4,0.4,images/blue_box.png,0,Reward5.png,Rewardnull.png,Rewardnull.png,0,0,0,auditory_stim/coin5.wav,auditory_stim/coin1.wav,auditory_stim/silence_short.wav,788,0.8,0,0,0,1,0,10,10,10,,,,,,,,,,,,,,,,,,,,,,,1,79.21878519999154,None,79.21878519999154,None,79.21878519999154,None,"[0.3333333333333333, 0.3333333333333333, 0.3333333333333333, 0.3333333333333333, 0.3333333333333333, 0.3333333333333333, 0.3333333333333333, 0.3333333333333333, 0.3333333333333333, 0.3333333333333333, 0.3333333333333333, 0.3333333333333333, 0.3333333333333333, 0.3333333333333333, 0.3333333333333333, 0.3333333333333333, 0.3333333333333333, 0.3333333333333333, 0.3333333333333333, 0.3333333333333333, 0.3333333333333333, 0.3333333333333333, 0.3333333333333333, 0.3333333333333333]","[-0.075, -0.075, -0.075, -0.075, -0.075, -0.075, -0.075, -0.075, -0.075, -0.075, -0.075, -0.075, -0.075, -0.075, -0.075, -0.075, -0.075, -0.075, -0.075, -0.075, -0.075, -0.075, -0.075, -0.075]","[0, 0, 0, 0, 0, 0, 0, 0, 0, 0, 0, 0, 0, 0, 0, 0, 0, 0, 0, 0, 0, 0, 0, 1]","[0, 0, 0, 0, 0, 0, 0, 0, 0, 0, 0, 0, 0, 0, 0, 0, 0, 0, 0, 0, 0, 0, 0, 0]","[0, 0, 0, 0, 0, 0, 0, 0, 0, 0, 0, 0, 0, 0, 0, 0, 0, 0, 0, 0, 0, 0, 0, 0]","[0.00027940000290982425, 0.014626999996835366, 0.028422799994586967, 0.04511829999682959, 0.06179579999297857, 0.07854649999353569, 0.09511379999457859, 0.11164069999358617, 0.1284494999999879, 0.1447898000042187, 0.16181350000260863, 0.1784501999936765, 0.194949099997757, 0.21178529999451712, 0.23033500000019558, 0.24656709999544546, 0.2616820999974152, 0.2774199999985285, 0.2937750999990385, 0.3123644000006607, 0.32833219999156427, 0.3451024999958463, 0.3616314999962924, 0.38026459999673534]",['blue'],0.013400160023593344,None,79.21878519999154,None,79.21878519999154,None,79.21878519999154,None,79.21878519999154,None,79.21878519999154,None,1.012488679989474,None,80.66657790000318,None,80.66657790000318,None,79.67756369999552,None,79.67756369999552,None,79.67756369999552,None,79.67756369999552,None,79.67756369999552,None,79.67756369999552,None,79.67756369999552,None,79.67756369999552,None,84.61592189999647,None,,,,,2021_Mar_19_1337,rl,2020.2.10,61.05669602501125,
uncued.csv,35,65,right,0.4,-0.4,images/blue_box.png,65,Reward2.png,Reward4.png,Rewardnull.png,0,0,0,auditory_stim/coin2.wav,auditory_stim/coin4.wav,auditory_stim/silence_short.wav,1225,1.2,0,0,0,1,0,11,11,11,,,,,,,,,,,,,,,,,,,,,,,1,85.43542910000542,None,85.43542910000542,None,85.43542910000542,None,"[-0.34444444444444444, -0.34444444444444444, -0.34444444444444444, -0.34444444444444444, -0.34444444444444444, -0.34444444444444444, -0.34444444444444444, -0.34444444444444444, -0.34444444444444444, -0.34444444444444444, -0.34444444444444444, -0.34444444444444444, -0.34444444444444444, -0.34444444444444444, -0.34444444444444444, -0.34444444444444444, -0.34444444444444444, -0.34444444444444444, -0.34444444444444444, -0.34444444444444444, -0.34444444444444444, -0.34444444444444444, -0.34444444444444444, -0.34444444444444444]","[0.05277777777777778, 0.05277777777777778, 0.05277777777777778, 0.05277777777777778, 0.05277777777777778, 0.05277777777777778, 0.05277777777777778, 0.05277777777777778, 0.05277777777777778, 0.05277777777777778, 0.05277777777777778, 0.05277777777777778, 0.05277777777777778, 0.05277777777777778, 0.05277777777777778, 0.05277777777777778, 0.05277777777777778, 0.05277777777777778, 0.05277777777777778, 0.05277777777777778, 0.05277777777777778, 0.05277777777777778, 0.05277777777777778, 0.05416666666666667]","[0, 0, 0, 0, 0, 0, 0, 0, 0, 0, 0, 0, 0, 0, 0, 0, 0, 0, 0, 0, 0, 0, 0, 1]","[0, 0, 0, 0, 0, 0, 0, 0, 0, 0, 0, 0, 0, 0, 0, 0, 0, 0, 0, 0, 0, 0, 0, 0]","[0, 0, 0, 0, 0, 0, 0, 0, 0, 0, 0, 0, 0, 0, 0, 0, 0, 0, 0, 0, 0, 0, 0, 0]","[0.0002762000076472759, 0.015847900009248406, 0.03072430001338944, 0.04646430000138935, 0.06307220000599045, 0.08025260000431444, 0.09713480000209529, 0.11286710000422318, 0.12935860001016408, 0.14624080000794493, 0.16289950000646058, 0.17955350001284387, 0.1962888000125531, 0.21301099999982398, 0.22960940000484698, 0.24657220000517555, 0.2629830000078073, 0.28014810000604484, 0.29684750000888016, 0.3129466000100365, 0.3296907000039937, 0.3460918000055244, 0.36361390000092797, 0.3816255999990972]",['blue'],0.012755260002450086,None,85.43542910000542,None,85.43542910000542,None,85.43542910000542,None,85.43542910000542,None,85.43542910000542,None,1.0104346200096188,None,86.86591310000222,None,86.86591310000222,None,85.86954539999715,None,85.86954539999715,None,85.86954539999715,None,85.86954539999715,None,85.86954539999715,None,85.86954539999715,None,85.86954539999715,None,85.86954539999715,None,90.83281269999861,None,,,,,2021_Mar_19_1337,rl,2020.2.10,61.05669602501125,
,,,,,,,,,,,,,,,,,,,,,,,,,,,,,,,,,,,,,,,,,,,,,,,,,1,92.05152639999869,None,92.05152639999869,None,92.05152639999869,None,"[-0.34444444444444444, -0.34444444444444444, -0.34444444444444444, -0.34444444444444444, -0.34444444444444444, -0.34444444444444444, -0.34444444444444444, -0.34444444444444444, -0.34444444444444444, -0.34444444444444444, -0.34444444444444444, -0.34444444444444444, -0.34444444444444444, -0.34444444444444444, -0.34444444444444444, -0.34444444444444444, -0.34444444444444444, -0.34444444444444444, -0.34444444444444444, -0.34444444444444444]","[0.05416666666666667, 0.05416666666666667, 0.05416666666666667, 0.05416666666666667, 0.05416666666666667, 0.05416666666666667, 0.05416666666666667, 0.05416666666666667, 0.05416666666666667, 0.05416666666666667, 0.05416666666666667, 0.05416666666666667, 0.05416666666666667, 0.05416666666666667, 0.05416666666666667, 0.05416666666666667, 0.05416666666666667, 0.05416666666666667, 0.05416666666666667, 0.05416666666666667]","[0, 0, 0, 0, 0, 0, 0, 0, 0, 0, 0, 0, 0, 0, 0, 0, 0, 0, 0, 1]","[0, 0, 0, 0, 0, 0, 0, 0, 0, 0, 0, 0, 0, 0, 0, 0, 0, 0, 0, 0]","[0, 0, 0, 0, 0, 0, 0, 0, 0, 0, 0, 0, 0, 0, 0, 0, 0, 0, 0, 0]","[0.0002776999899651855, 0.014132099997368641, 0.02842239999154117, 0.045185099996160716, 0.06170759999076836, 0.07871579998754896, 0.09531389999028761, 0.11204029999498744, 0.1285741999890888, 0.1450058999907924, 0.16194729998824187, 0.17844699999841396, 0.1950073999905726, 0.2117288000008557, 0.2285066999902483, 0.24507649999577552, 0.2619144999916898, 0.27875489999132697, 0.29538419999880716, 0.3148291999968933]",['blue'],0.01443855999968946,None,92.05152639999869,None,92.05152639999869,None,92.05152639999869,None,92.05152639999869,None,92.05152639999869,None,,,,,,,,,,,,,,,,,,,,,,,,,,,,,,,,,
